S.No,Name,Date,Rating,Title,Review
1,Preeti B. ğŸ‡®ğŸ‡³,Published date07/10/25,5,The face wash is really,"The face wash is really good, I'm writing this review after using it for 1 month and it really worked wonders for me, I've acne issue and mainly those under the skin one (hormonal acne) i do get those but because of this facewash my pimples won't last more than 3 days, it's really great. . . . I wou..."
2,ê²Œì„ì¡´ ğŸ‡®ğŸ‡³,Published date27/09/25,5,Worst purchasing experience,"Product is good but the main problem is the worst purchasing experience I was scammed in the name of minimalist support person and forced me to pay 6000/- since the person already have my name, order I'd, purchase products details, I have to believe on it and woo. . . I got scammed and even the mini..."
3,tanya k. ğŸ‡®ğŸ‡³,Published date06/10/25,5,Amazing product,"It is really a heaven for people with acnes and it also somehow promote the skin texture 
I just love this product 
But after listening all this please don't raise price"
4,RITIK C. ğŸ‡®ğŸ‡³,Published date01/10/25,5,Nice,"Best product i have ever use works great and quality us good ,doest react or cause any problem"
5,Srikar P. ğŸ‡®ğŸ‡³,Published date06/10/25,5,Well so far it's a,Well so far it's a good product
6,Siddharth Y. ğŸ‡®ğŸ‡³,Published date09/10/25,5,Worth it !!!!,Worth it !!!!
7,Manisha B. ğŸ‡®ğŸ‡³,Published date09/10/25,5,Best,Best product
8,Akshat ğŸ‡®ğŸ‡³,Published date28/09/25,5,It's good,It's good and it works
9,Vishva ğŸ‡®ğŸ‡³,Published date09/10/25,5,Face wash,Very nice
10,Bhawini S. ğŸ‡®ğŸ‡³,Published date05/10/25,5,It is good,It is good
11,Syamprasad ğŸ‡³ğŸ‡±,Published date26/08/25,5,This Works Great,This does work great but you definitely need to moisturize afterwards.
12,Mamalu D. ğŸ‡®ğŸ‡³,Published date01/10/25,5,Good,Good
13,Nikhil K. ğŸ‡®ğŸ‡³,Published date29/09/25,5,Giod,Giod
14,Lirin T. ğŸ‡®ğŸ‡³,Published date26/08/25,2,Avarage,Avarage
15,N N. ğŸ‡®ğŸ‡³,Published date06/05/25,5,What?,"Itâ€™s actually been a good product, it clears my acne and impurities but it doesnâ€™t fades dark spots much better, it controls my oil very well as my skin type is oily, I definitely recommend this product for those who had oily skin type with acne and dark spots,I feel very fresh after I wash face wit..."
16,Farhana F. ğŸ‡®ğŸ‡³,Published date05/05/25,4,Minimalist salicylic acid face wash,"As new to salicylic acid i haven't star using it daily,i use this face wash on alternative days before bed,i started having purging and it goes away after 3-4 days but i started seeing little difference,my comedones started to minimize,i hope this clears out my face by using regularly,i also use ben..."
17,Bushra N. ğŸ‡®ğŸ‡³,Published date03/06/25,5,Excellent for oily skin,Have been using this for more than 2 years now. Tried other skincare brands also but this works best. Cleanse all oil and impurities without making my skin dry.
18,Jyot P. ğŸ‡®ğŸ‡³,Published date01/05/25,5,One way or the other,The product is doing the job it is supposed to. Not damaging the skin and making sure to get the face cleansed right. But I believe there is a dryness issue and that it affects the sensitivity of skin. Please note that. And I would really love if you create a product which deals with more than one t...
19,Mandeep K. ğŸ‡®ğŸ‡³,Published date19/04/25,4,Good but can be bettered,"Overall, it cleanses out the oil efficiently along with proper hydration and plumpness in the skin, however one thing I've noticed is that if I forget to apply moisturizer after washing my face with it, then after 2/2. 5 hours, the oil starts to appear properly in face. Please have a look on this.

..."
20,kameswararao m. ğŸ‡®ğŸ‡³,Published date14/07/25,5,Good,I liked it awesome
21,Shaheena B. ğŸ‡®ğŸ‡³,Published date13/07/25,5,Good product,Good
22,Ranjit K. ğŸ‡®ğŸ‡³,Published date28/05/25,1,Missing items,I have raised complain but they are saying we have sent item to me. Igot free item . Not product that what i want
23,Kalaivani M. ğŸ‡®ğŸ‡³,Published date13/05/25,5,Bottle lid,This product is good but the bottle tap is not satisfied. It always spills some amount of product which make my table nasty
24,karan S. ğŸ‡®ğŸ‡³,Published date26/04/25,5,Achcha hai per thoda sasta hota to theek rahata kyunki kharide mein à¤¬à¤¾à¤°-à¤¬à¤¾à¤° dikkat Ho Rahi hai,Maine iska use Kiya mere ko achcha Laga per ismein mujhe dikkat yah a rahi hai ki iska Jo upar ka dhakkan hai cap vah hand wash ki botal Ki tarah hona chahie taki use karne mein ego aur andar botal ke andar gandgi Na jaaye I hop Ki Tum sabko se karoge
25,Sai ğŸ‡®ğŸ‡³,Published date18/04/25,5,Nice,"It's nice but i can't see any such type of results on my face the pour holes have been not cleared yet 
May i know when the results have been expected on the face 
Please can u tell me ğŸ™‚"
26,Latha S. ğŸ‡®ğŸ‡³,Published date13/05/25,4,Good product,I have purchased this product for the third time and very good for my skin texture. . so light weighted and gentle. . liked it very much
27,Shreya K. ğŸ‡®ğŸ‡³,Published date02/06/25,1,Ok,It smells and increased my sebum production
28,Karthikeyan M. ğŸ‡®ğŸ‡³,Published date18/05/25,5,Wonderful product,The product was really good. It makes my skin soft and smooth
29,Tasmiyah B. ğŸ‡®ğŸ‡³,Published date22/04/25,3,Even skin tone achieved.,"It's great at its job, but I think I need something else to clean the pores and maintain the texture. The job of evening the skin tone is great, but I have other issues nowğŸ˜‚"
30,Anjal D. ğŸ‡®ğŸ‡³,Published date27/04/25,5,Good for oily skin,"I've been using this product for the past three years, and it's a good product for oily skinâ€”highly effective and reliable."
31,Muhammed R. ğŸ‡®ğŸ‡³,Published date12/04/25,4,Carefull about the overdose,"Nice product but be carefull about the dose overdose may lead to burns,i have experienced once 2-3 drops is not enough for the full face because there is no foam but overdose is risky"
32,Janvi S. ğŸ‡®ğŸ‡³,Published date05/05/25,5,Amazing results,"This is my second bottle, I've seen so much reduction in my acne even during periods due to this cleanser."
33,Dev B. ğŸ‡®ğŸ‡³,Published date01/04/25,1,Damaged,Iâ€™ve ordered few products along with the gift. All the products were received damaged but they refused to help me in any way saying that you have shared the picture of only one product is first mail so we will only compensate you for that. I thought that I have shared all images and videos but due t...
34,Gauri R. ğŸ‡®ğŸ‡³,Published date02/05/25,5,It's good.,It's very good cleanser for all type skin but my skin is oily and it's working gorgeous.
35,Ashitha S. ğŸ‡®ğŸ‡³,Published date27/04/25,2,I am not fully satisfied with this product,I am having some heating temptations whenever I apply it on my face. And I don't known why it is? Would you answer my concern ?
36,Hrishikesh G. ğŸ‡®ğŸ‡³,Published date09/05/25,5,Amazing and effective,"I am using it since 5 months and its quite good 
I saw the difference. 
that's very positive"
37,Yash G. ğŸ‡®ğŸ‡³,Published date22/05/25,5,Good for cleaning,Amazing for cleaning and is gentle on skin
38,Nishtha ğŸ‡®ğŸ‡³,Published date13/04/25,3,Slightly better than average,It doesn't dry out my skin but it is not showing any special improvement in my acne but still it a a good product for a sensitive skin like me.
39,Chintu C. ğŸ‡®ğŸ‡³,Published date17/05/25,1,I couldn't see any result,I count see any result on my face.
40,Neha R. ğŸ‡®ğŸ‡³,Published date30/04/25,3,Not given any results,I kinda doesnt like the smell at all and also didnt change anything after using
41,SAYANBRATA C. ğŸ‡®ğŸ‡³,Published date14/05/25,5,Worst,"Not so good, waste of money, average product"
42,Nikki P. ğŸ‡®ğŸ‡³,Published date27/05/25,5,5,Very good product
43,Abhi A. ğŸ‡®ğŸ‡³,Published date20/05/25,5,I love minimalist Brand,I like the products
44,Manika B. ğŸ‡®ğŸ‡³,Published date30/03/25,5,Best for my skin. !,This has become my best friend. !It really suits my acne prone super oily skin. . I have stopped using Neutrogena Facewash when I got hand on this facewashâ€¦It is super reasonable also. !ğŸ¤©
45,shashank n. ğŸ‡®ğŸ‡³,Published date15/05/25,1,cleanser,damaged still today it is leaking
46,Soni S. ğŸ‡®ğŸ‡³,Published date12/05/25,2,Not so good,Breakouts was even more after using this.
47,Karthikeyan S. ğŸ‡®ğŸ‡³,Published date05/05/25,3,No change in my face,I used 3rd bottel but no change in my face
48,Muralikrishna M. ğŸ‡®ğŸ‡³,Published date27/04/25,5,Very good product,Excellent. After face wash Feels oil free on my face
49,Daya B. ğŸ‡®ğŸ‡³,Published date14/05/25,5,Good product,Good product
50,Pavi T. ğŸ‡®ğŸ‡³,Published date12/04/25,5,One product was missed,"aadhyasardhana@gmail.com
I am not received one clenser one clenser was missing I already shared mail about this but my problem was not resolved"
51,vishal p. ğŸ‡®ğŸ‡³,Published date24/03/25,1,Negative effect,"I started using the product but then the acne and marks grew more and after a week I stopped using it. Now with some herbal methods, it is shrinking but because of this product I got my half face covered in acne"
52,Hemant k. ğŸ‡®ğŸ‡³,Published date17/05/25,3,ğŸ™ğŸ™,Just ok ok not that good
53,Deepak S. ğŸ‡®ğŸ‡³,Published date13/05/25,5,Excellent,Best' product
54,Parthav T. ğŸ‡®ğŸ‡³,Published date01/04/25,1,Worst experience,Not working well there are hard lumpy thing's inside the bottle and it's not good I asked for replacement but no response
55,Mohammed S. ğŸ‡®ğŸ‡³,Published date27/05/25,4,Nil,Nil
56,Aniket ğŸ‡®ğŸ‡³,Published date23/04/25,5,Apt and to the point. No fancy names.,It's good but if paired with good products. Results will take time.
57,Twinkle P. ğŸ‡®ğŸ‡³,Published date29/03/25,5,Thank you,"I have many black heads and dull skin. This cleanser is just too good. I can seen improvement in both within 3weeks.
Thank you minimalist. . ."
58,Paras M. ğŸ‡®ğŸ‡³,Published date02/04/25,5,Cleanses my oily skin well`,"I have oily skin type and it cleanse my face quite well without leaving it dry. This was, I guess, my 5th bottle of facewash."
59,Akhila G. ğŸ‡®ğŸ‡³,Published date07/04/25,2,Not satisfied,The product made my face more oily and there occurred more acne after using it. I am not satisfied with the product
60,Mukundan s. ğŸ‡®ğŸ‡³,Published date05/04/25,5,Works well,This cleanser has helped reduce oiliness to a greater extent and even help with reducing Acne.
61,suhail s. ğŸ‡®ğŸ‡³,Published date21/05/25,1,Break out,Acneeee
62,Anirudh H. ğŸ‡®ğŸ‡³,Published date20/04/25,5,good,it was really good product i just loved it!
63,Sngewtynnadlem K. ğŸ‡®ğŸ‡³,Published date18/05/25,2,Not really working on my oily skin,Not for me
64,Sidipto R. ğŸ‡®ğŸ‡³,Published date24/02/25,5,Awesome Cleanser,This is my 3rd cleanser purchase. after using several brand face wash and cleanser I tried this one but really this is a great toner. face skin and pores absolutely clean without drying skin and looking fresh after cleaned everytime. this is perfect for oily skin. I just loved this cleanser.
65,Jessica C. ğŸ‡®ğŸ‡³,Published date03/04/25,4,Tiny bumps,"I started to get lots of tiny bumps on my face after using it
Maybe I should give it some time and see"
66,Varun D. ğŸ‡®ğŸ‡³,Published date07/04/25,4,Gentle cleanser,Using this for past few weeks good gentle facewash
67,Lina S. ğŸ‡®ğŸ‡³,Published date26/01/25,4,Definately worth a try,"It has worked on my skin so well, i had been finding a face wash for my sensitive acne prone skin including tiny comedones, for a long time. I was recommended this facewash by my sister and it worked so well on my skin, it reduced my bumps but I don't see any major effect on blackheads after using i..."
68,Shailja R. ğŸ‡®ğŸ‡³,Published date18/03/25,4,Enhances skin texture,Does regulate oil and cleanses well
69,Sikha S. ğŸ‡®ğŸ‡³,Published date19/03/25,1,WORST DELIVERY EVER,I ordered the products on 9 march 2025 and it showed me the delivery date as 14 march 2025. . . today is 19 march and I still haven't received the product. . . did not expect this from minimalist. . . customer care service is trash no cooperation from anywhere. . . if u guys want to order remember i...
70,Jithya B. ğŸ‡®ğŸ‡³,Published date07/02/25,5,Game Changer for Oily and Acne-Prone Skin,"Iâ€™ve struggled with oily skin and frequent pimples for years, but I finally found a solution that really works! This product has helped reduce the shine on my face and has noticeably minimized my breakouts. After using it consistently, my skin feels more balanced, and my pores donâ€™t get clogged as e..."
71,Anusha D. ğŸ‡®ğŸ‡³,Published date26/04/25,5,Great product,ğŸ‘
72,Bhavesh B. ğŸ‡®ğŸ‡³,Published date10/03/25,4,Good but got better option,"it's actually a good one , but I tried Cetaphil cleanser before these and I found that better 
a combination of minimalist salicylic acid 2% and Cetaphil cleanser is better working for acne ( sensitive ) and combination based skin"
73,Anshika C. ğŸ‡®ğŸ‡³,Published date09/05/25,4,ğŸŒŸ,Good
74,Jayesh P. ğŸ‡®ğŸ‡³,Published date28/03/25,1,Half bottle,When i open my bottle it's half and when i check it it is not exactly quantity as mentioned in box
75,uday s. ğŸ‡®ğŸ‡³,Published date11/03/25,4,Appreciation,"I find this product really good 
It's clean my skin so well 
For batter result apply twice a day 
I personally love it applying before sleeping 
It keep my face hydrated and not oily"
76,Anannya S. ğŸ‡®ğŸ‡³,Published date25/03/25,5,Best ever!,"Thanks for existing, I am so glad minimalist exists, I can't think of any other brand, my always go to brand"
77,Syed ğŸ‡®ğŸ‡³,Published date23/04/25,5,Great,Improvement in pores
78,VISHAL V. ğŸ‡®ğŸ‡³,Published date26/03/25,5,super product i love the packaging ğŸ¥°ğŸ¥°ğŸ¥°ğŸ¥°ğŸ¥°,best experience ğŸ¥°ğŸ¥°ğŸ¥°
79,Saravanan ğŸ‡®ğŸ‡³,Published date23/01/25,2,Broke me out,This product completely broke me out. I developed acne on my cheeks and forehead. I'm highly disappointed with minimalist as their products usually work well.
80,9893502662 ğŸ‡®ğŸ‡³,Published date04/05/25,5,How,Hu crisp
81,Sneha T. ğŸ‡®ğŸ‡³,Published date18/02/25,5,THE BEST CLEANSER FOR OILY AND ACNE PRONE SKIN,The best cleanser for oily and acne prone skin. I have been using this cleanser for past one year and I habe seen such an amazing change in my skin. MUST HAVE FOR OILY AND ACNE PRONE SKIN.
82,Raghav S. ğŸ‡®ğŸ‡³,Published date07/02/25,5,Best at its price,"My friend suggested this cleanser, i have been using it since approximately 1 and a half year now and I appreciate how they are transparent with their ingredients being used and authenticity with the quality of the product. In short, it is a product a person with oily skin should have"
83,Aron B. ğŸ‡®ğŸ‡³,Published date18/04/25,1,Waste of money,Just waste of money
84,Khan S. ğŸ‡®ğŸ‡³,Published date25/02/25,3,Salicylic acid + LHA,"Great for acne and oily skin, it helps clear pores and reduce breakouts. However, it can be harsh if overused, so itâ€™s important to use it properly and follow up with a moisturizer to prevent dryness or irritation."
85,Merlin p. ğŸ‡®ğŸ‡³,Published date04/04/25,5,Good,It controls excess sebum filament
86,Shubham M. ğŸ‡®ğŸ‡³,Published date25/04/25,5,Cleanser,Best
87,Navadeep k. ğŸ‡®ğŸ‡³,Published date22/02/25,5,Appearence,The product are good on minimalist I using the minimalist face wash and serum . While I compare my old photo and now it is too different
88,Ketan H. ğŸ‡®ğŸ‡³,Published date18/03/25,5,face cleanser,Minimalist 2% salicylic acid cleaner is good for acne prone skin.
89,Pranav R. ğŸ‡®ğŸ‡³,Published date17/03/25,5,Perfect,This works wonders use it twice a day you'll see results yourself.
90,Sachit M. ğŸ‡®ğŸ‡³,Published date28/02/25,4,Great Product,"I Had severe Acne before using this cleanser and after using it the skin just becomes softer,smoother and it also prevents acne majorly. 
Keep it up minimalistğŸ“ˆ"
91,Nihar M. ğŸ‡®ğŸ‡³,Published date08/04/25,5,ğŸ‘,ğŸ‘
92,Avi G. ğŸ‡®ğŸ‡³,Published date21/02/25,5,best for oily face,"I've been using the Minimalist Salicylic Acid + LHA 2% Cleanser for a while now, and it has truly transformed my oily skin. This cleanser effectively removes excess oil and dirt without over-drying, thanks to the combination of 2% Salicylic Acid and LHA (Lipo-Hydroxy Acid). It deeply cleanses pores,..."
93,Re r. ğŸ‡®ğŸ‡³,Published date03/04/25,5,Salicylic Acid + LHA 2% Cleanser,Very good product
94,Padma ğŸ‡®ğŸ‡³,Published date10/03/25,5,Good product,Using this twice a week and it prevents black and white heads formation.
95,Tejas S. ğŸ‡®ğŸ‡³,Published date02/03/25,5,Best product,"Overall, this is a good daily cleanser, especially for those with oily or combination skin. If youâ€™re looking for a budget-friendly face wash with a refreshing effect, itâ€™s worth trying!"
96,Nithilan ğŸ‡®ğŸ‡³,Published date16/02/25,5,Honest Review After 6 Months â€“ Minimalist Salicylic Acid Face Wash,"I've been using the Minimalist Salicylic Acid Face Wash for almost six months now, and it has been a game-changer for my acne-prone skin. It actively reduced new acne and inflammation while preventing further breakouts. My skin feels much clearer, and the face wash does a great job at controlling oi..."
97,Sambar N. ğŸ‡®ğŸ‡³,Published date19/02/25,5,good product,"After using it for two weeks,my skin feels clean and refreshed without any dryness. it removes dirt and excess oil effectively, but before using these product test ones"
98,Varinder S. ğŸ‡®ğŸ‡³,Published date25/03/25,3,Acne Control,Not much good at acne pimples control
99,Abantika R. ğŸ‡®ğŸ‡³,Published date04/03/25,5,gentle cleanser,it works really well to remove oil and dirt and is really gentle and doesn't dry ur face .
100,Siddhi A.,Published date01/01/25,4,Amazing product,I've been using this cleanser for more than 3 years. It has worked like magic to clear my acne. I tried a lot home remedies and other face washes recommended by others but shifting to this one was a good choice. It has no fragrance and unnecessary irritants and cleared my 2 years of acne in 4 months...
101,akshay ğŸ‡®ğŸ‡³,Published date24/01/25,1,the new bottle nib is not confortable as old one,about the (bottle design)the old bottle design was good the new one with the big opening hole is not at all good and doesn't feel premium at all and also not the same as the old one with the small hole opening
102,Akash R. ğŸ‡®ğŸ‡³,Published date03/03/25,5,Amazing product,"I have been using this cleanser for about 3 years now, loving it and it worked well for me"
103,Yash G. ğŸ‡®ğŸ‡³,Published date20/02/25,5,dullness,itsss a great choice for auch a skinn with dullness and acne as after a regular use there is a big change on my face tone
104,Mrinal R.,Published date30/12/24,4,Cleanser,"This product is good bt after regular use sometimes it feels like it's not working what should I do in this case,sometime it is working and give good result but sometimes is not showing any effect after washing the face with it 

I highly appreciate if you guys launch new foaming face wash for oily ..."
105,Vikash J. ğŸ‡®ğŸ‡³,Published date14/04/25,5,Nice,Nice
106,Dibendhu G. ğŸ‡®ğŸ‡³,Published date03/03/25,4,Suitable for sensitive skin,Even after having sensitive skin. The product works really well with no irritation.
107,Savita B.,Published date24/12/24,5,satisfied with results,"A cleanser with salicylic acid and LHA is an excellent choice for oily and acne-prone skin. Salicylic acid penetrates pores, dissolving excess oil and unclogging debris, while LHA provides gentle exfoliation for smoother texture. It effectively reduces breakouts and blackheads without over-drying th..."
108,Ajay c. ğŸ‡®ğŸ‡³,Published date13/04/25,5,Gud,Wonderful
109,Gaurav Y. ğŸ‡®ğŸ‡³,Published date26/03/25,4,Good product,Control oil and acne
110,Suprit H. ğŸ‡®ğŸ‡³,Published date18/02/25,4,good experience,I bought this product a month ago it's actually good and makes skin good but sometimes it can produce acne
111,Navya R. ğŸ‡®ğŸ‡³,Published date17/03/25,4,Thankful to minimalist,It's working. i am getting results. tq
112,Nitin P. ğŸ‡®ğŸ‡³,Published date09/04/25,4,Good,It works
113,Venus ğŸ‡®ğŸ‡³,Published date02/02/25,5,Amazing cleanser!!,"This is my second purchase of this bottle, and I really got amazing result in 1st try , my skin feels so soft and clean!âœ¨"
114,Gagan 1. ğŸ‡®ğŸ‡³,Published date28/02/25,5,suggested cleaser,i have another cleanser or face I recommend to take it also for alternative use free from acne prone (menas clear skin) etc.
115,Chudi p. ğŸ‡®ğŸ‡³,Published date28/03/25,5,Awesome,It works fine
116,Palaneni s. ğŸ‡®ğŸ‡³,Published date15/03/25,5,Awesome,"Loved it, been using it from past few years"
117,Harshit M. ğŸ‡®ğŸ‡³,Published date20/01/25,5,fits like a glove for my skin,i have been using this for years and have tried multiple other products in between but nothing cleanses my skin like this does. the feeling i get after using this facewash is remarkable. i have an oily combination skin and can recommend this product to anyone with the same skin type to at least try ...
118,Geetika M. ğŸ‡®ğŸ‡³,Published date16/03/25,5,Best cleanser,Best cleanser which I ever used. . . Give it a try!
119,Veerbhadrasinh J. ğŸ‡®ğŸ‡³,Published date13/02/25,5,Best Cleanser.,"First Cleanser of my life which is best suited for my face and till date almost 3 years ,I am using same Face Cleanser daily."
120,Rajdeep P. ğŸ‡®ğŸ‡³,Published date06/03/25,5,Very good cleanser,Its a mild cleanser for any skin type.
121,Kritagya S. ğŸ‡®ğŸ‡³,Published date12/02/25,4,really decent,"it was helped to cleanse my face, and makes me feel better after every use. though could be a bit more better, still it pays off for its value really well"
122,Viren K. ğŸ‡®ğŸ‡³,Published date07/02/25,5,"Lightweight, Non-Greasy & Surprisingly Good!","The product is incredibly lightweight and non-greasy, making it perfect for my oily-combination skin. After extensive research on various moisturizers, I struggled to find one that truly worked. Then, I came across this brand on my Instagram feed and decided to give it a try, trusting its reputation..."
123,Sathish K. ğŸ‡®ğŸ‡³,Published date20/02/25,2,No result,"I using this product past 20 days, but there is no changes in my face"
124,Voltage S. ğŸ‡®ğŸ‡³,Published date12/03/25,5,best facewash,"best cleanser
 ever"
125,Kavya K. ğŸ‡®ğŸ‡³,Published date31/01/25,4,Awesome,I like the cleanser soo much it removes Balck nd whiteads soo amazing ğŸ¤© I love minimalist cleanser that to in affordable price u guys doing great job ğŸ˜„
126,harshad P. ğŸ‡®ğŸ‡³,Published date10/02/25,5,Best facewash ever,I am using this facewash and it's so good that I can see the results within 2 days of using it. So happy to have this
127,Apeksha D. ğŸ‡®ğŸ‡³,Published date04/03/25,5,Best!,This the best salicylic acid facewashâ€¦Gently cleanse your skin making it soft and clear.
128,Prishma J. ğŸ‡®ğŸ‡³,Published date05/03/25,5,Amazing Cleanser,I have been using this cleanser for over a year and itâ€™s has worked wonders on my oily skin. it has helped a lot with whiteheads and blackheads as well
129,Harjan B. ğŸ‡®ğŸ‡³,Published date05/03/25,3,Issue,It makes my skin too much dry any concern?
130,SHRIRAM S. ğŸ‡®ğŸ‡³,Published date28/02/25,5,Best for me,It's an amazing cleanser for me!
131,Iqra ğŸ‡®ğŸ‡³,Published date04/02/25,4,Good for oily skin,"I am using the, it's good for oily skin. But use only 3 to 4 times a week. Good for oily skin ."
132,Akash U. ğŸ‡®ğŸ‡³,Published date27/03/25,5,Good,Great
133,Atharva M. ğŸ‡®ğŸ‡³,Published date18/02/25,5,It's really good.,There's no purging in my case and it works like a charm.
134,ayyappa n. ğŸ‡®ğŸ‡³,Published date24/02/25,5,amazed the product,this product was amazing ğŸ¤© my better than before this product not using
135,Nabajit C. ğŸ‡®ğŸ‡³,Published date20/02/25,5,Good,It gently cleanse my skin and don't feel dry
136,Sk S. ğŸ‡®ğŸ‡³,Published date08/03/25,5,brightness,it's a very good products
137,Allen G. ğŸ‡®ğŸ‡³,Published date08/02/25,5,Good cleanser,With right kind of cleanser my face has retained moisture even in winter of Delhi
138,ayyappa n. ğŸ‡®ğŸ‡³,Published date19/02/25,5,superb product,"this cleanser was amazing ğŸ¤© 
very nice product make my skin better than before"
139,Punit K. ğŸ‡®ğŸ‡³,Published date13/02/25,5,salicylic acid cleanser,"it works good on the acne. it also reduces tanning with continuous use 
very nice product under this price"
140,Radheya T. ğŸ‡®ğŸ‡³,Published date23/01/25,5,Best face wash for oil reduction,I have issue of excess oil. Bought 2% salicylic acid face wash and it's amazing. Controls oil very effectively for about 12+ hours. Seen significant effect from day 4. Must have for oily combination skin. Thank you minimalist
141,Abhidnya s. ğŸ‡®ğŸ‡³,Published date08/01/25,4,Sebun reduction,"I've been using this cleanser for a year, and I've noticed a significant improvement in my skin. It used to be oily and acne-prone, but after incorporating this salicylic acid-based face wash, my skin has become much better."
142,Devanshi P. ğŸ‡®ğŸ‡³,Published date17/02/25,5,Good,Getting good skin texture and reduced my dark spots
143,Anand R. ğŸ‡®ğŸ‡³,Published date24/03/25,4,Good,Not bad
144,bappa p. ğŸ‡®ğŸ‡³,Published date04/02/25,4,perfect choice,"i like the gentleness of this face wash 
and it clean my face really well 
also good for oily skins"
145,Mitesh W. ğŸ‡®ğŸ‡³,Published date17/02/25,5,worth it,"been using this since a while, the best cleanser i found"
146,Dhanush K. ğŸ‡®ğŸ‡³,Published date10/02/25,4,Good product for reasonable price,I have been using this cleanser for more than 2 years now and it has been really great and I can see the difference in my skin for the past 2 years. I highly recommend this product.
147,Vikash K. ğŸ‡®ğŸ‡³,Published date25/02/25,4,good product,Daily use cleanser
148,Uday K. ğŸ‡®ğŸ‡³,Published date18/02/25,5,The Best Cleanser,love how it smoothens out skin and literally wash's all the gunk feels like skin is breathing after every wash
149,Ambika ğŸ‡®ğŸ‡³,Published date04/03/25,5,very good,feels amazing after using this cleanser
150,Aditya D. ğŸ‡®ğŸ‡³,Published date06/02/25,5,solid face cleanser.,"Great for real results. Got pimples reduced in a week or two. the smell is a bit weird at first, but nothing to worry about."
151,Mukul V. ğŸ‡®ğŸ‡³,Published date03/03/25,4,too good,"feels very light on your skin, no irritation near the eye area, best budget friendly cleanser ig"
152,ayyappa n. ğŸ‡®ğŸ‡³,Published date18/02/25,5,awesome product,"this cleanser was superb product 
this product make my skin better
more quality skin"
153,Dl S. ğŸ‡®ğŸ‡³,Published date19/02/25,4,Effective,Best for oily and acne prone skin
154,Soba M.,Published date14/12/24,5,Honest review not promoted by company ğŸ˜‚,"Really a very good and affordable Product,I have been suffering from ancne on the sides of my nose for so long and right after using this product for 2 weeks continuously and could definitely see the results, definitely Better than all the other hyped up brands in the market which charge way too muc..."
155,Saideep N. ğŸ‡®ğŸ‡³,Published date02/02/25,5,cleanser is truly amazing,I was suffering from a lot of acne pimples and oily skin. . . . . by constant use of this cleanser all my skin concerns have been reduced. . . . . it gives me a clear oil free look . . . . worth buying
156,Himanshu P. ğŸ‡®ğŸ‡³,Published date17/02/25,5,best result for sensitive skin,I will use this product and result is very much better. i will use this product last 2 months i will happy with this product.
157,Aditi A. ğŸ‡®ğŸ‡³,Published date28/02/25,5,Loved it,I really liked the product
158,Gideon H. ğŸ‡®ğŸ‡³,Published date19/01/25,4,Gentle exfoliating,"Light, foaming, gentle and exfoliating for oily acne-prone skin, best use in night before applying other products"
159,Shaik R. ğŸ‡®ğŸ‡³,Published date25/02/25,5,very good product,it helps you to make your skin more clear and glowing
160,Bhumi c. ğŸ‡®ğŸ‡³,Published date09/01/25,5,fro dry skin keet,it was awesome I used many product but never changed my skin but this product hass totally changed my skin and it really worth it wowww thank you minimalist ğŸ¤ ğŸ©· now my daily routine is minimaliat . . . !!!~
161,Ande,Published date14/12/24,5,My holygrail!,"Absolutely love love love this cleanser! I'm already on my 5th bottle. No other cleanser does it like minimalist. My acne clears up within days of using it and the sebum production is controlled too. Never change the formulation for this cleanser, Minimalist Team."
162,Rahul K. ğŸ‡®ğŸ‡³,Published date02/02/25,5,Good Cleanser,Works effectively without removing the necessary oils from the face.
163,Dhruv ğŸ‡®ğŸ‡³,Published date03/03/25,5,reduced oil on my face,After consistently using it for 2 weeks I can see my oil production has reduced so much
164,Gagandeep ğŸ‡®ğŸ‡³,Published date11/02/25,5,best quality and texture,"must use cleanser, serum and moisturiser from minimalist ğŸ’ªğŸ”¥"
165,Yasharth K. ğŸ‡®ğŸ‡³,Published date09/02/25,5,Best for oily skin,One of the best products for oily skin
166,Ankita M.,Published date24/12/24,5,Salicylic acid cleanser,"I'm using it since 2023 , it's been almost 2 years now and I'm truly happy and satisfied with the outcome."
167,Jahida B. ğŸ‡®ğŸ‡³,Published date25/02/25,5,Nice,Nice product
168,Sudarshan B. ğŸ‡®ğŸ‡³,Published date21/12/24,5,Good,"It is good but slow results
But i also ordered moisturiser from minimalist as the site suggested it by analyzing my face skin report. And i don't know why after I apply it on my skin. My face turns dark. I currently not using it. Reply me a solution for this"
169,Patel ğŸ‡®ğŸ‡³,Published date18/02/25,5,cleanser is very amazing,good results after 1 week
170,Yash D. ğŸ‡®ğŸ‡³,Published date22/01/25,5,it soothes my skin,it is reasonable priced product with nice ingredients and acne control
171,Gandhaali B. ğŸ‡®ğŸ‡³,Published date27/02/25,5,G,canâ€™t stop using it!!
172,Fatima K. ğŸ‡®ğŸ‡³,Published date27/02/25,1,Not suitable for my skin,Not suitable for my skin
173,Anjani .. ğŸ‡®ğŸ‡³,Published date23/02/25,5,good product,Works well to reduce sebum and blackheads. Worth trying.
174,Jai ğŸ‡®ğŸ‡³,Published date20/03/25,5,good face wash,good
175,Meenakshi S. ğŸ‡®ğŸ‡³,Published date03/02/25,3,Its ok,"its good as per product name, taking time to improve my hyperpigmentation."
176,Shubham S. ğŸ‡®ğŸ‡³,Published date18/02/25,5,Best For Oily skin,Use Daily Day & Night for best results
177,Dinesh K. ğŸ‡®ğŸ‡³,Published date13/02/25,4,Cleanser,Good. But requires more amount for one wash.
178,Sherin ğŸ‡®ğŸ‡³,Published date03/02/25,4,Works well.,"It quite amezing, work well for oily skin."
179,Dhananjay K. ğŸ‡®ğŸ‡³,Published date27/02/25,4,Good Product,Good product no side effects of using make skin smooth
180,Manu ğŸ‡®ğŸ‡³,Published date19/02/25,5,Best cleanser,good cleanser no fragrance reduces acne
181,Gavneesh ğŸ‡®ğŸ‡³,Published date23/01/25,4,Good,The product is nice but after washing left a dry patches on my skin. Although it's doing great.
182,Aditya S. ğŸ‡®ğŸ‡³,Published date23/01/25,5,Perfect,i have combination skin and this leaves my skin at the optimal dryness level while cleaning the face
183,Rohit m. ğŸ‡®ğŸ‡³,Published date18/02/25,5,salicylic cleanser,such a nice product smoothen skin no allergy easily absorbed
184,Anjali K.,Published date26/12/24,4,Best formulation ever,I'm a big fan of this cleanser and I'm purchasing it since 2021 and since then there is no going back. it's such an amazing cleanser not only my acne prone skin got better but it also worked on my seborrheic dermatitis.
185,Aishwarya K. ğŸ‡®ğŸ‡³,Published date01/02/25,1,No foam,Wort facewash ever i used. Waste of money
186,Anas A. ğŸ‡®ğŸ‡³,Published date12/02/25,4,best for oily skin,effective product overall
187,Chaman C. ğŸ‡®ğŸ‡³,Published date10/02/25,5,best face wash for oily skin,I am using this face wash from a month now and I have oily skin and whiteheads on nose which are slowly diapers âœ¨
188,Pranev V. ğŸ‡®ğŸ‡³,Published date19/03/25,5,good!,good but it only 90% works
189,Ksenia Z. ğŸ‡®ğŸ‡³,Published date28/01/25,5,Loved it,Doesnâ€™t dry skin. Made my skin look so much cleaner and smoother
190,Aniket P. ğŸ‡®ğŸ‡³,Published date14/02/25,5,great product,great product i would really recommend for acne
191,Aniket P. ğŸ‡®ğŸ‡³,Published date14/02/25,5,Good product,great product highly recommended from acne
192,RENGKA T. ğŸ‡®ğŸ‡³,Published date27/02/25,5,Good,I have been using this product for 4years and itâ€™s an essential part of my routine.
193,Himanshu D. ğŸ‡®ğŸ‡³,Published date04/02/25,5,Very good,very nice salicylic acid base cleaner must buy.
194,Hari V. ğŸ‡®ğŸ‡³,Published date30/12/24,5,cleanser is good for my skin,"when i starting using ,i get a smooth skin after using it ,it felts good for applying the serum as well"
195,Ayush K. ğŸ‡®ğŸ‡³,Published date30/01/25,4,The best quality product,It's has resolve my problem by 90% rate
196,Abhinav d. ğŸ‡®ğŸ‡³,Published date14/12/24,5,it actually does work,I have been using this cleanser from the past 1 year or so and i have seen really good improvement in my skin texture and reduction in acne though i have made a lot of lifestyle changes still this has definitely played its part well
197,Xaid s. ğŸ‡®ğŸ‡³,Published date04/02/25,5,too good,"I ordered the face wash for my acne prone skin and it works well , satisfied"
198,Dollu M.,Published date30/11/24,5,Amazing Cleanser,"The Minimalist Salicylic Acid + LHA 2% Cleanser is a game-changer for oily and acne-prone skin. It effectively clears out pores, reduces breakouts, and leaves the skin feeling clean without drying it out. The formula is gentle, fragrance-free, and perfect for daily use. After a few weeks, my skin fe..."
199,ayyappa n. ğŸ‡®ğŸ‡³,Published date17/02/25,5,cleanser was amazing,using this cleanser my face improved nd clean dead skin cells nd remove acne scars
200,Vikas S. ğŸ‡®ğŸ‡³,Published date23/02/25,5,like this product,i have using this product for 1 month and it works very well on my skin . . .
201,Sampurna M. ğŸ‡®ğŸ‡³,Published date26/10/24,5,Best facewash ever,"My skin is very sensitive and acne prone. But this facewash is a game- changer. It suits my skin so well and cleans my skin without drying it too much. I have been using this product for years now. I love the fact that it has zinc in it too, it really helps. Overall, loved it!"
202,Aafi ğŸ‡®ğŸ‡³,Published date09/02/25,5,Best,One of the fave facewash . . . it shows result within a week . it smooth and hydrate my face
203,SHUBHAM K. ğŸ‡®ğŸ‡³,Published date09/01/25,5,must buy,best facewash i ever used my life. my face is smooth after use this face wash. I recommend all of you to buy the product
204,Thanos K. ğŸ‡®ğŸ‡³,Published date03/03/25,5,great product,I'm satisfied
205,Kanha ğŸ‡®ğŸ‡³,Published date03/03/25,5,good product,suggested by me
206,Sameer Y.,Published date04/01/25,5,Really improved my skin quality,"This cleanser is gentle yet effective, leaving the skin feeling fresh and clean. It removes dirt and excess oil without stripping away moisture. Perfect for all skin types."
207,Nabanita ğŸ‡®ğŸ‡³,Published date02/03/25,4,wonderful,a wonderful product
208,Kundan P. ğŸ‡®ğŸ‡³,Published date03/02/25,5,Owesome product for skin,Use from two week result is very good
209,Anand A. ğŸ‡®ğŸ‡³,Published date20/02/25,4,Ok,It's ok
210,Ranjitha N. ğŸ‡®ğŸ‡³,Published date30/10/24,3,Cleanser,"Reason I'm giving 3 stars is for package, really the worst package I have received till now,the bottle cap was loose and the liquid got leaked over the package. 
Other than that, the product was good and it reduces sebum production and controls oil over the face."
211,Dhairya M.,Published date01/01/25,1,"WORST FACEWASH , DON'T PURCHASE IT","AFTER USING THIS I GOT SO MUCH ACNE , I WOULD NOT RECOMMEND YOU TO USE THIS WORST PRODUCT ALL ARE FAKE REVIEWS HERE, I HAVE TO SEE THE DOCTOR NEXT WEEK, THIS IS WORST COMPANY AND PRODUCT"
212,Amar K. ğŸ‡®ğŸ‡³,Published date28/02/25,5,best cleanser,"keeps hydrated 
and removes dead cells"
213,Rohit m. ğŸ‡®ğŸ‡³,Published date18/02/25,5,salicylic cleanser,easily absorbed no allergy smoothen skin brightening skin even tone
214,veda ğŸ‡®ğŸ‡³,Published date14/02/25,5,Good product,Good product
215,EPIL S. ğŸ‡®ğŸ‡³,Published date27/01/25,3,Nice,Clenaser cleans impurities gently
216,abhishek p. ğŸ‡®ğŸ‡³,Published date22/02/25,5,very good product,"helped my skin and cleared acne marks 
very help full product"
217,Gowtham M. ğŸ‡®ğŸ‡³,Published date29/01/25,4,Very good product,This cleanser helps to clean deeply and dissolve the dead skin cells. It really work very well for oily skin.
218,Neeraj M. ğŸ‡®ğŸ‡³,Published date18/02/25,5,salicylic cleanser,such a nice product smoothen skin whitout no allergy
219,Udaypartap A. ğŸ‡®ğŸ‡³,Published date18/02/25,5,Good Product,Really nice product retains necessary natural oils.
220,Suha P. ğŸ‡®ğŸ‡³,Published date12/01/25,4,Not Bad,"It's fine, but don't overuse it. Maybe use once a day and choose a mild cleanser to use in the morning. I haven't tried the aquaporin booster but that should be good too, for normal to oily skin."
221,Maddela d. ğŸ‡®ğŸ‡³,Published date20/02/25,5,Must use product,"Iâ€™m using cleanser for almost 1 year, it has the best results"
222,Raj N. ğŸ‡®ğŸ‡³,Published date07/01/25,5,Affordable and high quality,Affordable Yet High-Quality: One of the best things about Minimalist is that it offers a highly effective formula at a very reasonable price. Itâ€™s budget-friendly compared to other brands that charge premium prices for similar ingredients.
223,Ankit ğŸ‡®ğŸ‡³,Published date05/02/25,5,"My skin is oily , but this cleanser is best for my skin",Always best cleanser â¤ï¸
224,Fayaz S. ğŸ‡®ğŸ‡³,Published date06/02/25,4,Average,"Itâ€™s not that foaming, I didnâ€™t like much because I like some what foam type cleansers"
225,Sudesh ğŸ‡®ğŸ‡³,Published date02/02/25,5,Good cleanser for acne prone skin,Really good cleanser. Works effectively.
226,Abhinav T. ğŸ‡®ğŸ‡³,Published date27/01/25,4,works,it really protect me from harmful rays Thanks minimalist
227,Rajeev p. ğŸ‡®ğŸ‡³,Published date28/02/25,5,nice clensar,"best cleaner liquid , for all body type"
228,Amit R. ğŸ‡®ğŸ‡³,Published date25/02/25,5,Very Nice Product,"working fine for me, my skin is oily and acne prone."
229,Fathiman N. ğŸ‡®ğŸ‡³,Published date28/01/25,3,Not a big fan,I have oily skin but this salicylic acid face wash didnâ€™t work for meâ€¦ but it did for my friend. Soâ€¦it definitely depends on your skin type!
230,Sunny G. ğŸ‡®ğŸ‡³,Published date12/02/25,4,Best Clenger,Very Effective & Very useful
231,Deepak M. ğŸ‡®ğŸ‡³,Published date24/02/25,5,wow ğŸ˜²,very good cleanser
232,Sampurna M.,Published date27/12/24,5,the best cleanser ever,i have been using it for 2 years and it has never disappointed me. . . i have also recommended it to others and it helped them too. loved the product!
233,Vivek R. ğŸ‡®ğŸ‡³,Published date08/02/25,5,Good for dry skin,Amazing product for dry
234,Shivansh S.,Published date28/11/24,5,Best face wash. . . . .,"Iâ€™ve been using this face wash for the past two years, and it has worked wonders for my rough, acne-prone skin. One of the key ingredients is salicylic acid, which is known for its ability to gently exfoliate the skin, unclog pores, and reduce acne. Since I started using it, Iâ€™ve noticed fewer break..."
235,Sunil p. ğŸ‡®ğŸ‡³,Published date28/01/25,1,Not good product,"face pe lagane k baad pata hi nahi chalata he ki nai he 
i dont like this product personally"
236,Ramandeep S. ğŸ‡®ğŸ‡³,Published date26/01/25,5,too good,it helped alot with my sebum n oily skin
237,Pavvy R. ğŸ‡®ğŸ‡³,Published date06/02/25,5,the best,best face cleanser. it cleans skin deeply and smooth the skin. best face cleanser for oily skin.
238,Harshit e. ğŸ‡®ğŸ‡³,Published date13/02/25,5,Very nice,I really love it
239,Chaithra N.,Published date21/12/24,5,good for me,"I began my new routine on August 24, 2024, and have consistently followed it until December 24, 2024. I'm excited to share that, after five months, I've seen a noticeable reduction in acne issues."
240,Nishit ğŸ‡®ğŸ‡³,Published date01/02/25,5,the best face wash for pimples,"I have been facing pimples to due to dandruff and after using this for 10 days my forehead pimples have decreased by 60%

I am in love with it"
241,Rajveer S. ğŸ‡®ğŸ‡³,Published date01/02/25,4,Absolutely Amazing,Amazing product for oily skin
242,Tarun M. ğŸ‡®ğŸ‡³,Published date13/01/25,5,Good,I am happy with minimalist please provide some more survey link like you did last one.
243,Hritik ğŸ‡®ğŸ‡³,Published date06/01/25,5,Its amazing to use minimalist product,The product is amazing and suitable for acne prone skin and give you a healthy and hydrated skin
244,Movieslover ğŸ‡®ğŸ‡³,Published date11/01/25,4,Awesome cleanser,This cleanser is very effective for acne prone skin. Within 14 days it mostly reduced my acnes and my skin feeling good. Need to buy clenaser
245,Ilyas ğŸ‡®ğŸ‡³,Published date14/02/25,5,Best for acne,Salicylic acid is best for acne prone skin and this cleanser makes it better
246,Shubham R. ğŸ‡®ğŸ‡³,Published date08/02/25,3,wait,"just purchased, tell u later about how good is it pr not"
247,Kalpit S. ğŸ‡®ğŸ‡³,Published date25/03/25,5,good,good
248,Rahul D. ğŸ‡®ğŸ‡³,Published date21/01/25,5,Cleanser,Quite a good product for oily skin.
249,Praful R. ğŸ‡®ğŸ‡³,Published date11/02/25,5,BEST FACEWASH,using it from last 1 year its very good and Quality is also Best
250,Kirti M. ğŸ‡®ğŸ‡³,Published date21/02/25,5,best,best product
